SNX19,PDIA6,POLR1D,TMEM256,NUP85,EIF3CL,LASP1,FIS1,RAD23A,KIF22,NCBP1,ZNF335,EIF5A,PPP1R7,OBFC1,CDC40,SRSF11,FBXL12,DCAF8,TRNAU1AP
64.97394474661358,51.58058752899122,41.55389560246913,31.177332,30.6003112,30.4604206,29.0774536,28.947389885925926,26.4917145,24.628913592592596,22.864624,21.79558692975,21.431508493827163,20.971885815,20.88525775875,19.4608307,18.87528202035185,18.465916983209876,18.265578093000002,17.82763516625
