CLEC2B,AK2,TALDO1,IRAK4,PLEC,C19orf53,RPL23,VPS72,DDX56,ARMC8,SCAP,GPRIN3,SEC23A,MMS19,GPR183,DKC1,F2R,CDC42,CUTC,BRAT1
56.74882661275586,54.240752796810675,50.294933480150384,41.82293499770475,41.3390046,40.644886584263375,36.33628055925001,36.0141906,35.0818482,34.7997666,33.40225571811044,33.0117188,32.6495666,31.1847572,28.474762,28.0137634,27.95130611729167,26.4667206,25.7383804,25.1352768
