F2R,TSSC1,TIA1,CD8B,MKL1,BCL2L1,RTCA,IRF2,RAB10,MAN2C1,HNRNPD,SNRPE,RAP2B,INTS4,PXN,RAB11FIP1,PHPT1,SNRNP27,MARK3,NANS
51.8203816375,45.17250499845166,32.54517889547325,30.2012482,28.60000702716049,27.5602417,25.4793492,23.6913918491358,23.5365296,22.3521320215,21.369958400875,21.003479,20.3261128,19.770962750000002,19.464541257530865,19.23302085,19.06028670375,18.3229828,18.174963,18.1010742
