GAPDH,GBP5,APOBEC3C,IFITM2,IFNG,TXNIP,ANXA2,RPS26,S100A4,FTH1,UBB,LGALS1,PRDM1,PIP4K2A,CTSW,FOS,AHNAK,HSP90AB1,ACTN4,PIK3IP1,DNAJB1,HSP90AA1,PARP9
2.287427217,1.63223362,1.432132032,1.24868533,1.234409295,1.0216412,0.866357148,0.863643713,0.85562177,0.735485361,0.686317746,0.666350121,0.62567738,0.623403646,0.601432627,0.591738277,0.573803747,0.54439102,0.528303202,0.510686017,,,
2.229299098,1.79601182,1.332409875,1.206854403,1.290179007,0.796982406,0.632183611,0.660003819,0.903385468,0.570336707,0.84992547,0.719514474,0.517613176,,0.588883404,0.519092805,,0.862529088,0.549741358,,0.604863195,0.559416335,0.504872469
0.058128119,-0.163778201,0.099722156,0.041830927,-0.055769712,0.224658795,0.234173536,0.203639895,-0.047763698,0.165148654,-0.163607724,-0.053164354,0.108064204,0.623403646,0.012549223,0.072645472,0.573803747,-0.318138068,-0.021438155,0.510686017,-0.604863195,-0.559416335,-0.504872469
FALSE,FALSE,FALSE,FALSE,FALSE,FALSE,FALSE,FALSE,FALSE,FALSE,FALSE,FALSE,FALSE,TRUE,FALSE,FALSE,TRUE,FALSE,FALSE,TRUE,TRUE,TRUE,TRUE
