CLEC2B,TALDO1,MRPS18B,AK2,ITGB2,PDE7A,PRKAA1,F2R,FLAD1,DNM1L,C14orf159,ZNF146,C19orf53,ACLY,TIMM50,STAT3,COPG1,PPIL4,EPC1,IRAK4
55.95163366966757,52.39637361597531,48.9822579483125,48.93892533788941,39.7415162,38.2636642,33.2859268,26.978805098641974,26.790989,25.4754028,25.380207271333337,25.2534485,24.96087368081592,24.628417307448558,24.5839576,24.477938130000002,24.1930866,23.8293724,23.57893961292181,22.716959629686524
