GAPDH,IFITM2,GZMH,RPS26,CD38,CXCR4,IFI6,C1orf56,IFITM3,PARP9,STAT1,CDC42SE2,CCL5,ANXA2,PSME2,RPLP2,GPR183,ADAM19,NR4A2,FOS,UBB,ACTN4,RGS1
4.31680429,1.728779331,1.110091502,1.065683274,0.776028161,0.763658002,0.74663464,0.670791678,0.661710411,0.631029025,0.569496274,0.5316885,0.529835173,0.51133137,0.506514838,0.442091185,0.435705554,0.412410304,0.411430368,0.388490681,,,
4.362398088,1.648689836,1.256234299,0.934659064,0.995144354,0.73997134,0.742211238,0.612917013,0.726221986,0.551691052,0.57467363,0.438314529,0.47120662,0.45149149,0.493538216,,0.481638197,0.407466725,,,0.441397781,0.392683637,0.387095887
-0.045593798,0.080089495,-0.146142798,0.13102421,-0.219116193,0.023686662,0.004423402,0.057874665,-0.064511575,0.079337973,-0.005177356,0.093373971,0.058628553,0.05983988,0.012976622,0.442091185,-0.045932643,0.004943579,0.411430368,0.388490681,-0.441397781,-0.392683637,-0.387095887
FALSE,FALSE,FALSE,FALSE,FALSE,FALSE,FALSE,FALSE,FALSE,FALSE,FALSE,FALSE,FALSE,FALSE,FALSE,FALSE,FALSE,FALSE,FALSE,FALSE,FALSE,FALSE,FALSE
