IRF2,CDC14A,COPS7A,LCOR,COPS5,RPS16,ZEB1,TSSC1,LPCAT3,EML3,SAR1A,TM2D3,MAN2C1,CHST12,SS18L2,ATP6V0B,TIPRL,CCR7,LARP7,CAMLG
65.87770899,47.006569,39.5813828,36.46047715,36.3726502,32.91154718,32.48083727,30.14313902,22.4247436,21.64141643,21.0220337,19.8507538,19.31739989,18.7906208,18.63014021,18.1544189,17.97359013,17.8121204,17.2724609,17.06584025
