GAPDH,RPS26,PRDM1,STAT1,IFITM2,GZMH,PRF1,TNFAIP3,CCR7,UBC,RPS4Y1,PSME1,CCL5,C1orf56,MT-CYB,CD38,ANXA2,PIP4K2A,DNAJA1,UBB,HLA-DPA1,CTSW
2.619743973,1.889379904,1.465633247,1.42878814,1.15984869,0.969084974,0.88625491,0.832456563,0.773943737,0.668362144,0.658866938,0.619983807,0.599511767,0.591711605,0.589687625,0.557110466,0.534405071,0.499238282,0.474888136,0.457031254,,
2.715630054,1.046781003,1.183232732,1.070882253,0.948252097,0.842646914,0.909226142,0.586782441,0.573866025,0.403743647,0.387665607,0.605518874,0.635819275,0.520888381,0.563577585,1.188025713,,,0.457631157,0.498574842,0.408268601,0.404198567
-0.095886081,0.8425989,0.282400515,0.357905887,0.211596593,0.126438061,-0.022971231,0.245674122,0.200077713,0.264618497,0.271201331,0.014464933,-0.036307508,0.070823224,0.02611004,-0.630915247,0.534405071,0.499238282,0.017256979,-0.041543588,-0.408268601,-0.404198567
FALSE,TRUE,FALSE,FALSE,FALSE,FALSE,FALSE,FALSE,FALSE,FALSE,FALSE,FALSE,FALSE,FALSE,FALSE,TRUE,TRUE,FALSE,FALSE,FALSE,FALSE,FALSE
